ts,sm_mhz,util,power_w,temp_c
2026/07/30 10:33:23.149, 2610, 7, 63.11, 45
2026/07/30 10:33:28.182, 2610, 1, 60.09, 45
2026/07/30 10:33:33.218, 2730, 49, 146.71, 51
2026/07/30 10:33:38.258, 2730, 0, 64.37, 45
2026/07/30 10:33:43.294, 2610, 0, 55.83, 44
2026/07/30 10:33:48.326, 2610, 0, 55.77, 43
2026/07/30 10:33:53.358, 2610, 0, 55.76, 43
2026/07/30 10:33:58.409, 2730, 34, 94.97, 46
2026/07/30 10:34:03.442, 2610, 0, 55.71, 43
2026/07/30 10:34:08.478, 2610, 0, 55.70, 42
2026/07/30 10:34:13.514, 2610, 0, 55.47, 42
2026/07/30 10:34:18.569, 2730, 20, 131.34, 46
2026/07/30 10:34:23.606, 2730, 32, 101.59, 45
2026/07/30 10:34:28.681, 2730, 14, 80.12, 43
2026/07/30 10:34:33.714, 2610, 0, 58.80, 42
2026/07/30 10:34:38.769, 2730, 51, 105.70, 45
2026/07/30 10:34:43.821, 2730, 30, 80.86, 43
2026/07/30 10:34:48.854, 2730, 53, 141.76, 46
2026/07/30 10:34:53.909, 2730, 34, 118.51, 44
2026/07/30 10:34:58.981, 2730, 6, 103.49, 44
2026/07/30 10:35:04.053, 2730, 6, 125.45, 44
2026/07/30 10:35:09.125, 2730, 30, 82.35, 44
2026/07/30 10:35:14.158, 2730, 11, 78.95, 43
2026/07/30 10:35:19.213, 2730, 58, 85.54, 44
2026/07/30 10:35:24.246, 2730, 55, 79.75, 43
2026/07/30 10:35:29.297, 2730, 52, 78.49, 43
2026/07/30 10:35:34.330, 2730, 13, 94.88, 43
2026/07/30 10:35:39.370, 2730, 30, 77.87, 43
2026/07/30 10:35:44.402, 2730, 3, 84.02, 42
2026/07/30 10:35:49.477, 2730, 66, 152.31, 47
2026/07/30 10:35:54.529, 2730, 48, 118.07, 45
2026/07/30 10:35:59.562, 2730, 53, 132.04, 46
2026/07/30 10:36:04.579, 2610, 2, 64.84, 42
2026/07/30 10:36:09.614, 2730, 63, 125.53, 50
2026/07/30 10:36:14.673, 2730, 59, 120.84, 48
2026/07/30 10:36:19.725, 2730, 59, 133.82, 47
2026/07/30 10:36:24.803, 2730, 56, 148.23, 48
2026/07/30 10:36:29.857, 2730, 3, 94.16, 44
2026/07/30 10:36:34.890, 2730, 34, 120.78, 45
2026/07/30 10:36:39.945, 2730, 63, 120.21, 49
2026/07/30 10:36:44.978, 2730, 36, 113.59, 45
2026/07/30 10:36:50.033, 2730, 68, 109.64, 46
2026/07/30 10:36:55.085, 2730, 67, 176.40, 54
2026/07/30 10:37:00.137, 2730, 46, 119.10, 47
2026/07/30 10:37:05.170, 2730, 29, 79.68, 44
2026/07/30 10:37:10.202, 2610, 0, 58.08, 43
2026/07/30 10:37:15.238, 2610, 18, 62.67, 44
2026/07/30 10:37:20.274, 2610, 0, 55.67, 43
2026/07/30 10:37:25.314, 2730, 0, 64.63, 43
2026/07/30 10:37:30.369, 2610, 0, 55.84, 42
2026/07/30 10:37:35.402, 2610, 0, 55.83, 42
2026/07/30 10:37:40.438, 2610, 0, 55.73, 42
2026/07/30 10:37:45.474, 2730, 55, 115.46, 46
2026/07/30 10:37:50.510, 2610, 0, 55.79, 42
2026/07/30 10:37:55.546, 2610, 0, 55.76, 42
2026/07/30 10:38:00.605, 2610, 0, 55.74, 42
2026/07/30 10:38:05.661, 2745, 51, 105.67, 45
2026/07/30 10:38:10.698, 2730, 3, 95.40, 44
2026/07/30 10:38:15.734, 2730, 55, 82.80, 43
2026/07/30 10:38:20.770, 2730, 3, 91.63, 43
2026/07/30 10:38:25.806, 2730, 0, 74.38, 42
2026/07/30 10:38:30.889, 2730, 45, 98.81, 44
2026/07/30 10:38:35.941, 2730, 3, 77.81, 43
2026/07/30 10:38:40.993, 2730, 64, 146.85, 48
2026/07/30 10:38:46.065, 2730, 52, 160.11, 47
2026/07/30 10:38:51.125, 2610, 67, 81.98, 47
2026/07/30 10:38:56.162, 2730, 57, 144.70, 48
2026/07/30 10:39:01.198, 2730, 34, 143.78, 47
2026/07/30 10:39:06.235, 2730, 62, 120.84, 48
2026/07/30 10:39:11.270, 2730, 3, 74.29, 44
2026/07/30 10:39:16.306, 2730, 5, 87.71, 44
2026/07/30 10:39:21.361, 2730, 47, 140.97, 46
2026/07/30 10:39:26.394, 2730, 55, 81.95, 45
2026/07/30 10:39:31.453, 2730, 20, 102.98, 46
2026/07/30 10:39:36.505, 2730, 49, 127.25, 47
2026/07/30 10:39:41.557, 2730, 0, 69.61, 44
2026/07/30 10:39:46.590, 2610, 33, 56.70, 43
2026/07/30 10:39:51.645, 2610, 0, 55.23, 42
2026/07/30 10:39:56.684, 2730, 65, 108.21, 46
2026/07/30 10:40:01.722, 2610, 0, 55.62, 42
2026/07/30 10:40:06.758, 2610, 0, 55.76, 42
2026/07/30 10:40:11.794, 2610, 0, 55.60, 42
2026/07/30 10:40:16.852, 2730, 50, 123.72, 49
2026/07/30 10:40:21.886, 2610, 0, 62.65, 42
2026/07/30 10:40:26.922, 2610, 0, 55.67, 42
2026/07/30 10:40:31.958, 2610, 0, 55.53, 42
2026/07/30 10:40:36.994, 2610, 0, 55.59, 41
2026/07/30 10:40:42.077, 2730, 10, 84.92, 43
2026/07/30 10:40:47.149, 2730, 33, 81.42, 43
2026/07/30 10:40:52.201, 2730, 55, 86.68, 44
2026/07/30 10:40:57.273, 2730, 32, 115.27, 45
2026/07/30 10:41:02.345, 2730, 54, 84.85, 44
2026/07/30 10:41:07.378, 2730, 0, 95.25, 43
2026/07/30 10:41:12.437, 2730, 58, 135.74, 47
2026/07/30 10:41:17.470, 2610, 15, 57.22, 42
2026/07/30 10:41:22.525, 2730, 37, 136.84, 46
2026/07/30 10:41:27.597, 2730, 5, 86.71, 43
2026/07/30 10:41:32.649, 2730, 58, 86.04, 44
2026/07/30 10:41:37.682, 2730, 64, 95.04, 45
2026/07/30 10:41:42.757, 2730, 54, 103.39, 45
2026/07/30 10:41:47.790, 2730, 53, 93.69, 44
2026/07/30 10:41:52.845, 2730, 55, 78.77, 43
2026/07/30 10:41:57.882, 2730, 55, 93.05, 44
2026/07/30 10:42:02.961, 2730, 49, 109.26, 45
2026/07/30 10:42:08.017, 2730, 49, 110.21, 45
2026/07/30 10:42:13.097, 2610, 0, 56.83, 42
2026/07/30 10:42:18.130, 2610, 6, 58.21, 42
2026/07/30 10:42:23.185, 2730, 55, 133.76, 46
2026/07/30 10:42:28.222, 2730, 5, 90.09, 44
2026/07/30 10:42:33.281, 2730, 56, 80.80, 44
2026/07/30 10:42:38.333, 2730, 31, 79.82, 43
2026/07/30 10:42:43.370, 2730, 5, 82.86, 43
2026/07/30 10:42:48.425, 2730, 54, 88.57, 44
2026/07/30 10:42:53.477, 2730, 54, 81.56, 43
2026/07/30 10:42:58.549, 2730, 53, 100.24, 44
2026/07/30 10:43:03.609, 2730, 31, 82.46, 43
2026/07/30 10:43:08.645, 2730, 58, 177.12, 49
2026/07/30 10:43:13.717, 2730, 59, 108.90, 47
2026/07/30 10:43:18.750, 2730, 20, 73.72, 43
2026/07/30 10:43:23.802, 2730, 53, 144.36, 48
2026/07/30 10:43:28.838, 2730, 28, 116.32, 46
2026/07/30 10:43:33.893, 2730, 51, 136.13, 48
2026/07/30 10:43:38.978, 2730, 64, 128.50, 49
2026/07/30 10:43:44.053, 2730, 61, 103.57, 46
2026/07/30 10:43:49.110, 2730, 53, 127.14, 47
2026/07/30 10:43:54.169, 2730, 61, 101.18, 46
2026/07/30 10:43:59.227, 2730, 61, 129.93, 49
2026/07/30 10:44:04.301, 2730, 57, 87.70, 45
2026/07/30 10:44:09.373, 2730, 63, 116.42, 46
2026/07/30 10:44:14.425, 2730, 63, 189.22, 51
2026/07/30 10:44:19.477, 2730, 55, 142.35, 48
2026/07/30 10:44:24.514, 2610, 12, 73.90, 45
2026/07/30 10:44:29.550, 2610, 0, 57.66, 43
2026/07/30 10:44:34.586, 2610, 0, 55.06, 43
2026/07/30 10:44:39.661, 2730, 55, 122.67, 49
2026/07/30 10:44:44.713, 2610, 0, 55.28, 43
2026/07/30 10:44:49.746, 2610, 0, 55.27, 42
2026/07/30 10:44:54.786, 2610, 0, 55.49, 42
2026/07/30 10:44:59.837, 2610, 32, 64.27, 44
2026/07/30 10:45:04.870, 2730, 0, 105.11, 45
2026/07/30 10:45:09.906, 2610, 0, 55.51, 42
2026/07/30 10:45:14.961, 2610, 0, 55.63, 42
2026/07/30 10:45:19.994, 2610, 0, 55.55, 42
2026/07/30 10:45:25.030, 2730, 30, 103.92, 45
2026/07/30 10:45:30.105, 2730, 41, 97.12, 45
2026/07/30 10:45:35.138, 2730, 55, 83.12, 44
2026/07/30 10:45:40.213, 2730, 57, 102.62, 45
2026/07/30 10:45:45.246, 2730, 0, 88.06, 43
2026/07/30 10:45:50.329, 2730, 4, 80.65, 43
2026/07/30 10:45:55.362, 2730, 31, 82.22, 44
2026/07/30 10:46:00.417, 2730, 53, 155.91, 47
2026/07/30 10:46:05.450, 2730, 22, 118.78, 44
2026/07/30 10:46:10.486, 2730, 64, 175.44, 48
2026/07/30 10:46:15.541, 2730, 67, 145.58, 48
2026/07/30 10:46:20.597, 2730, 67, 133.04, 48
2026/07/30 10:46:25.630, 2730, 14, 117.73, 45
2026/07/30 10:46:30.666, 2730, 65, 120.18, 48
2026/07/30 10:46:35.721, 2730, 57, 81.95, 44
2026/07/30 10:46:40.793, 2730, 59, 114.82, 47
2026/07/30 10:46:45.870, 2730, 58, 175.60, 49
2026/07/30 10:46:50.929, 2730, 55, 131.69, 49
2026/07/30 10:46:55.987, 2730, 74, 122.65, 53
2026/07/30 10:47:01.026, 2610, 0, 56.29, 43
2026/07/30 10:47:06.062, 2610, 0, 55.63, 43
2026/07/30 10:47:11.098, 2730, 0, 63.47, 43
2026/07/30 10:47:16.138, 2610, 0, 55.58, 43
2026/07/30 10:47:21.178, 2610, 0, 55.61, 42
2026/07/30 10:47:26.210, 2610, 0, 55.55, 42
2026/07/30 10:47:31.246, 2730, 53, 87.67, 46
2026/07/30 10:47:36.286, 2610, 0, 55.74, 42
2026/07/30 10:47:41.322, 2610, 0, 55.82, 42
2026/07/30 10:47:46.358, 2610, 0, 55.69, 42
2026/07/30 10:47:51.394, 2745, 58, 115.60, 45
2026/07/30 10:47:56.426, 2745, 1, 90.45, 43
2026/07/30 10:48:01.462, 2745, 33, 102.26, 45
2026/07/30 10:48:06.517, 2745, 55, 81.16, 43
2026/07/30 10:48:11.550, 2730, 6, 100.62, 43
2026/07/30 10:48:16.590, 2730, 74, 181.75, 50
2026/07/30 10:48:21.669, 2730, 61, 135.14, 47
2026/07/30 10:48:26.721, 2730, 46, 101.25, 46
2026/07/30 10:48:31.777, 2730, 25, 73.61, 44
2026/07/30 10:48:36.833, 2730, 54, 127.57, 49
2026/07/30 10:48:41.892, 2730, 55, 87.45, 45
2026/07/30 10:48:46.973, 2730, 50, 80.54, 45
2026/07/30 10:48:52.049, 2730, 50, 105.95, 46
2026/07/30 10:48:57.101, 2730, 1, 86.13, 45
2026/07/30 10:49:02.138, 2730, 4, 101.69, 44
2026/07/30 10:49:07.193, 2730, 40, 112.44, 46
2026/07/30 10:49:12.245, 2730, 47, 113.20, 46
2026/07/30 10:49:17.301, 2730, 9, 70.92, 44
2026/07/30 10:49:22.334, 2610, 4, 59.86, 43
2026/07/30 10:49:27.393, 2730, 9, 113.38, 46
2026/07/30 10:49:32.426, 2730, 0, 79.26, 43
2026/07/30 10:49:37.466, 2610, 0, 55.63, 43
2026/07/30 10:49:42.502, 2610, 0, 55.66, 42
2026/07/30 10:49:47.538, 2610, 0, 55.62, 42
2026/07/30 10:49:52.574, 2745, 5, 84.66, 43
2026/07/30 10:49:57.610, 2745, 6, 74.72, 43
2026/07/30 10:50:02.647, 2745, 32, 91.63, 44
2026/07/30 10:50:07.682, 2745, 32, 79.87, 44
2026/07/30 10:50:12.737, 2745, 4, 67.88, 43
2026/07/30 10:50:17.809, 2730, 56, 137.49, 47
2026/07/30 10:50:22.865, 2730, 51, 108.97, 45
2026/07/30 10:50:27.925, 2730, 48, 189.43, 47
2026/07/30 10:50:32.974, 2730, 50, 155.70, 49
2026/07/30 10:50:38.030, 2730, 68, 164.88, 51
2026/07/30 10:50:43.106, 2730, 64, 148.11, 49
2026/07/30 10:50:48.162, 2730, 63, 123.78, 48
2026/07/30 10:50:53.198, 2730, 30, 116.30, 46
2026/07/30 10:50:58.234, 2730, 20, 152.80, 47
2026/07/30 10:51:03.270, 2730, 5, 94.21, 45
2026/07/30 10:51:08.325, 2730, 65, 118.33, 48
2026/07/30 10:51:13.377, 2730, 50, 142.55, 49
2026/07/30 10:51:18.429, 2730, 59, 124.43, 50
2026/07/30 10:51:23.462, 2730, 8, 67.46, 44
2026/07/30 10:51:28.502, 2610, 11, 60.92, 44
2026/07/30 10:51:33.553, 2730, 19, 144.50, 47
2026/07/30 10:51:38.586, 2610, 0, 56.28, 43
2026/07/30 10:51:43.622, 2610, 0, 56.18, 43
2026/07/30 10:51:48.658, 2610, 0, 56.07, 43
2026/07/30 10:51:53.709, 2610, 61, 80.73, 47
2026/07/30 10:51:58.742, 2610, 0, 55.58, 42
2026/07/30 10:52:03.778, 2610, 0, 55.54, 42
2026/07/30 10:52:08.814, 2610, 0, 55.53, 42
2026/07/30 10:52:13.850, 2730, 1, 120.92, 43
2026/07/30 10:52:18.886, 2610, 0, 55.52, 42
2026/07/30 10:52:23.922, 2610, 0, 55.52, 42
2026/07/30 10:52:28.977, 2610, 0, 55.60, 42
2026/07/30 10:52:34.010, 2730, 36, 94.67, 45
2026/07/30 10:52:39.046, 2730, 0, 63.58, 42
2026/07/30 10:52:44.082, 2610, 0, 55.53, 41
2026/07/30 10:52:49.137, 2610, 0, 55.61, 41
2026/07/30 10:52:54.189, 2610, 0, 55.57, 41
2026/07/30 10:52:59.271, 2730, 1, 79.68, 43
2026/07/30 10:53:04.306, 2730, 54, 122.59, 46
2026/07/30 10:53:09.389, 2730, 19, 97.94, 44
2026/07/30 10:53:14.475, 2730, 74, 111.25, 48
2026/07/30 10:53:19.529, 2730, 58, 181.89, 49
2026/07/30 10:53:24.581, 2730, 61, 123.94, 47
2026/07/30 10:53:29.633, 2730, 56, 172.42, 48
2026/07/30 10:53:34.666, 2610, 0, 59.75, 43
2026/07/30 10:53:39.683, 2730, 99, 310.59, 59
2026/07/30 10:53:44.718, 2730, 99, 176.18, 56
2026/07/30 10:53:49.735, 2730, 99, 258.66, 56
2026/07/30 10:53:54.751, 2715, 99, 343.12, 60
2026/07/30 10:53:59.786, 2715, 100, 238.51, 63
2026/07/30 10:54:04.866, 2730, 98, 170.26, 51
2026/07/30 10:54:09.902, 2730, 14, 205.72, 48
2026/07/30 10:54:14.976, 2730, 7, 126.29, 48
2026/07/30 10:54:20.026, 2715, 99, 198.53, 58
2026/07/30 10:54:25.062, 2715, 99, 193.08, 57
2026/07/30 10:54:30.117, 2730, 99, 158.71, 57
2026/07/30 10:54:35.154, 2715, 100, 364.62, 65
2026/07/30 10:54:40.171, 2730, 95, 174.45, 52
2026/07/30 10:54:45.210, 2715, 99, 157.90, 59
2026/07/30 10:54:50.227, 2730, 0, 178.32, 50
2026/07/30 10:54:55.262, 2730, 99, 114.94, 52
2026/07/30 10:55:00.326, 2715, 99, 249.43, 61
2026/07/30 10:55:05.345, 2730, 8, 213.55, 49
2026/07/30 10:55:10.378, 2715, 99, 157.12, 59
2026/07/30 10:55:15.397, 2730, 99, 150.76, 57
